{
  "items": [
    {
      "title": "Microsoft Certified Professional (MCP)",
      "image": "assets/img/certs/mcp-pro.svg",
      "link": ""
    },
    {
      "title": "CompTIA A+ Certified",
      "image": "assets/img/certs/comptia-aplus-pro.svg",
      "link": ""
    },
    {
      "title": "Linux Certified",
      "image": "assets/img/certs/linux-pro.svg",
      "link": ""
    },
    {
      "title": "IBM BigFix Certified",
      "image": "assets/img/certs/bigfix-pro.svg",
      "link": ""
    }
  ]
}