{
  "items": [
    {
      "title": "Bayou Sacunce",
      "price": 899.0,
      "dimensions": "Original artwork",
      "image": "assets/img/art/Bayou_sacunce.jpg"
    },
    {
      "title": "Bayou Sacunce2",
      "price": 899.0,
      "dimensions": "Original artwork",
      "image": "assets/img/art/Bayou_sacunce2.jpg"
    },
    {
      "title": "Sweet Tea Fair City",
      "price": 899.0,
      "dimensions": "Original artwork",
      "image": "assets/img/art/Sweet_tea_fair_city.jpg"
    },
    {
      "title": "Blue Crab Puzzle",
      "price": 899.0,
      "dimensions": "Original artwork",
      "image": "assets/img/art/blue_crab_puzzle.jpg"
    },
    {
      "title": "Egret Painting",
      "price": 899.0,
      "dimensions": "Original artwork",
      "image": "assets/img/art/egret_painting.jpg"
    },
    {
      "title": "Fireflies Sweet Tea",
      "price": 899.0,
      "dimensions": "Original artwork",
      "image": "assets/img/art/fireflies_sweet_tea.jpg"
    },
    {
      "title": "Heron Red Bridge",
      "price": 899.0,
      "dimensions": "Original artwork",
      "image": "assets/img/art/heron_red_bridge.jpg"
    },
    {
      "title": "Image",
      "price": 899.0,
      "dimensions": "Original artwork",
      "image": "assets/img/art/image.jpg"
    },
    {
      "title": "Placeholder",
      "price": 899.0,
      "dimensions": "Original artwork",
      "image": "assets/img/art/placeholder.svg"
    },
    {
      "title": "Porch Egret Night",
      "price": 899.0,
      "dimensions": "Original artwork",
      "image": "assets/img/art/porch_egret_night.jpg"
    },
    {
      "title": "Roddy Raccoon Puzzle",
      "price": 899.0,
      "dimensions": "Original artwork",
      "image": "assets/img/art/roddy_raccoon_puzzle.jpg"
    },
    {
      "title": "St Charles Jazz",
      "price": 899.0,
      "dimensions": "Original artwork",
      "image": "assets/img/art/st_charles_jazz.jpg"
    },
    {
      "title": "Sweet Tea Laundry",
      "price": 899.0,
      "dimensions": "Original artwork",
      "image": "assets/img/art/sweet_tea_laundry.jpg"
    },
    {
      "title": "Swing Scene",
      "price": 899.0,
      "dimensions": "Original artwork",
      "image": "assets/img/art/swing_scene.jpg"
    }
  ]
}