{
  "items": [
    {
      "title": "Bayou Sacunse",
      "price": 899.0,
      "dimensions": "16x20 \u2022 Acrylic on canvas",
      "image": "assets/img/art/Bayou_sacunse.jpg"
    },
    {
      "title": "Bayou Sacunse 2",
      "price": 899.0,
      "dimensions": "16x20 \u2022 Acrylic on canvas",
      "image": "assets/img/art/Bayou_sacunse2.jpg"
    },
    {
      "title": "Egret Painting",
      "price": 650.0,
      "dimensions": "12x16 \u2022 Acrylic",
      "image": "assets/img/art/egret_painting.jpg"
    },
    {
      "title": "St. Charles Jazz",
      "price": 720.0,
      "dimensions": "14x18 \u2022 Acrylic",
      "image": "assets/img/art/st_charles_jazz.jpg"
    },
    {
      "title": "Artwork",
      "price": 500.0,
      "dimensions": "Mixed media",
      "image": "assets/img/art/image.jpg"
    }
  ]
}