{
  "items": [
    {
      "title": "Blue Crab Puzzle",
      "price": 12.0,
      "dimensions": "8x10 print \u2022 300 dpi",
      "image": "assets/img/products/placeholder.svg"
    },
    {
      "title": "Fireflies Sweet Tea",
      "price": 12.0,
      "dimensions": "8x10 print \u2022 300 dpi",
      "image": "assets/img/products/placeholder.svg"
    },
    {
      "title": "Heron Red Bridge",
      "price": 12.0,
      "dimensions": "8x10 print \u2022 300 dpi",
      "image": "assets/img/products/placeholder.svg"
    },
    {
      "title": "Porch Egret Night",
      "price": 12.0,
      "dimensions": "8x10 print \u2022 300 dpi",
      "image": "assets/img/products/placeholder.svg"
    },
    {
      "title": "Roddy Raccoon Puzzle",
      "price": 12.0,
      "dimensions": "8x10 print \u2022 300 dpi",
      "image": "assets/img/products/placeholder.svg"
    }
  ]
}